<?xml version="1.0" encoding="UTF-8" ?>
<!DOCTYPE configuration
  PUBLIC "-//mybatis.org//DTD Config 3.0//EN"
  "http://mybatis.org/dtd/mybatis-3-config.dtd">
<configuration>
	
  <properties resource="jdbc.properties"/>
  
  <typeAliases>
  
  	<package name="com.bjpowernode.crm.settings.domain"/>
  	<package name="com.bjpowernode.crm.workbench.domain"/>

  
  </typeAliases>
  
  <environments default="development">
    <environment id="development">
      <transactionManager type="JDBC"/>
      <dataSource type="POOLED">
        <property name="driver" value="${jdbc.driver}"/>
        <property name="url" value="${jdbc.url}"/>
        <property name="username" value="${jdbc.user}"/>
        <property name="password" value="${jdbc.password}"/>
      </dataSource>
    </environment>
  </environments>
  
 
  <mappers>
   
      <package name="com.bjpowernode.crm.settings.dao"/>
      <package name="com.bjpowernode.crm.workbench.dao"/>

  </mappers>
</configuration>

































